c_number,c_name
393496679735,
9170362163,????? ??? ??????? W
8299128862,New C Shivachnd Nishad Ajeeta Duhra Aur Khaira
9984649050,City Mall Prakash
9936740800,R.r Medical Store Teliyarganj
9170508047,Gudiya
9807861378,Ramraj Amin
8565000273,Brijendra Pandey
9518660597,Sher Singh
8052998541,Mohd Waseem
9910866601,Etee Gupta Sarvodaya Hospital
7355485504,Mangal
9794527933,Soni Nm
8381843361,Pooja Sigh
7275342464,Rajendar Gupta
8127331213,Kamata
8401949827,Shree
9794046328,Anand Pratap Singh
8877343212,Rama Shankar Chaudhri
8791502060,M S Dhoni
9559000551,Advocate Arish Mizab
9795620646,Rohit Laigi Spota
9559923791,Pratapgarh Road
9696057058,Vinay Verma
9118452073,Shilpa Maddheshiya
9125238459,Hasib
7738084941,Isha Srivastava Pg
9785418686,???? ?? ?????
9935045798,Mukesh Tali
7395067074,Aama
8962155824,Sakshi Asati
9835454568,Khushi Gupta
9123936505,Bhaswati Bagchi
9109708411,Jay Shree Ram
9435734104,Sheetal Sharma
8492050383,Ashok Sahib J Pension
7898920424,Surendra Dwivedi
8755955495,Afiya Siddiqui
8318763193,Prakhar Verma Yash
9415727906,Pratibha Gupta
9198194016,Lalchand Lalchand
8294506254,Govinda Gupta Rani
7755850410,Pradeep Fulva Cement Chadar
9198529762,Sharda Village
7398235005,Krisna Deo Pandey
8127011279,???? ?????? ?????????
9120265371,Husnaa Kalem
8817790670,??? ???? ????? ???? ??
8757814652,Shiv Shankar
9415217282,Hari Krishna Shukla Guru Ji
9313495089,Ramadhar Shukla
7060007700,Km S
7525925559,Aakash Mehrotra
8796919064,Sgt Manish Rawat
8743034230,Ankit Kushwaha
7394064745,Abhi K
8284978738,Jass Deep
9335062128,Madan Collection Dada
9559576707,Vidya Kant Mishra
9935764826,Ee Tazeem
7388239797,Balram Gupta
8529494290,Madan Saab
9559347169,Rama Krishna Hotel Allahabad Reception
9335003029,V Likely
9784116351,Sundar Bhati Binsar
9464412582,Suman
9129360176,Ram Pal
9794694544,Bina
7398039855,Vivek Ji Guide
8756054595,Saasu
9936075326,Rammilan
9519953129,
7209531051,???? ???? ??????? ???
9869168410,Shrikant Mishra
8235728515,Bablu Br ????? ?????????
8983064080,Neha Srivastava
9120008213,Ramashishlmtt Bffyft Otb Ma
9936226279,Anita Old
8873709655,Bipin Kumar Samrat Dancer
7897806708,?? ??
8737091510,Rani N
7068987905,Home Atial
8858355862,Sk Jatav
7054618537,Golu Marcha
9125238459,Hasib
9135000044,Sudhir Kumar
7880357098,Shimla Ji Hardi
7388705835,Chand
8853163424,Small
9631153408,Jarina Home
7607979278,Aditi Chaurasia
7068288041,Pramod
9312623816,Archana Sinha
8381843361,Pooja Sigh
8528605555,Hotel Milan Leader Road Prayagraj Allahabad
9546685460,Amit Mahi
8294816083,Pandit K D R Jha
8084849695,Pandit Kadar Jha
8809232321,Kalichak N
9120351854,Apshara
7257863133,Balo Kaka
9792114644,Swami Ji
9065448249,Raju M K
7739934762,Galib Mirza
9264173607,Amit Kumar
7970926700,Rambabu Das Ji Birgunj
7366016796,Patilal Ji Pipra Chinimil
9125571631,Durgesh Airtel
9262949167,Sulecha Posdaha B
8434024635,Rohit Kumar
7209531051,???? ???? ??????? ???
9546055046,Gudun Jha
9838343525,Rajeev Ageheri
9546696475,Madan Jee Gho
7970926700,Rambabu Das Ji Birgunj
9334156554,Radheshyam Kumar
7368080529,Mohan Adapur Basantpur Math
9005219825,Delhi
7091888194,Ghar Ka
9523023018,Time Pass
9122575651,Sures Dhnha
9631967262,Dilip
7755896837,Lok Bahadur Thapa Sbab
8171543966,Mukesh Garg
8235858457,Aniket Cohing
7709795263,Kishan Kumar
9060319995,Lalit G Bihar
7250771389,Malli
7705027776,Furkan
9984905199,Shashank Faculty
9415218666,Pawan Agarwal Mukta
7250767288,Nepal Jogbani
7761923727,Chhoti Chhawani G B D
9956039579,Surendar Ji Naini Jail
9521825737,Mahesh Shahi
9470237414,Abhyanand Kumar
9643125897,Hafej Ge
8115980678,Dinanath Yadav
7705027776,Furkan
9415235249,Puneet Agrawal Ca
9415235249,Puneet Agrawal Ca
9929608937,Hav Thapa Sir Pi Pokhra
6394666158,Sanjay Goswami
7275549813,Krishna Kumar
8603074748,
9006859579,Vinod Hardware
8271403369,Sahimle
7756893524,Smartkumar Chandan Gupta
7782024204,Rishabh Ghar
8002724448,Aaaa
7880691101,Harshu Gulhariya
7366016796,Patilal Ji Pipra Chinimil
9102452764,Bhutu Sah Hardi Dilr
9771674933,Bipin Kumar
7080821673,Bishnath Indian Dhamuli
9199486825,???? ????
8005010492,Jagarnath Yadav Gi
9336099092,Drprakashkhetan Guinness Dr Prakash Khetan
8434014756,Ji
9929608937,Hav Thapa Sir Pi Pokhra
8106149320,Sonelal Instrument
9006859579,Vinod Hardware
8106149320,Sonelal Instrument
9455297398,Vashistha Hotel Prayagraj
7070534936,Nepal
7518052946,Neem Bahadur Thapa
7897947267,Kanhaiya ???? ????? ????
6307127373,Milan Gupta
8172995004,Parvez Ahmad
8416077516,B N
9455304213,Yunus Mistri
7644912752,
9519442707,Rakesh
7607152590,Hotel R P Place Santosh Peon Ald
9569253986,Mohd Salim Shekh
6299020354,Mousham Kumar
8235858457,Aniket Cohing
9631581934,?????????????????
9616326313,Ashok Daali
8106149320,Sonelal Instrument
7644912752,
7257863133,Balo Kaka
8271642386,Mahakal Ke Bhakt Ho Mahakal Mahakal Bhakti Jay Mahakal
9621359176,Ajay Dev Malla Dsc
7250771389,Malli
7388668063,Pankaj Kasaudhan
7851844943,Hotel Prayag Inn Allahabad
9450011543,Nepal Kishan India
9721624723,Sonu Sonkar Abhiman Sonkar
7858834766,Ramrup Yadav
8809185298,Umesh Sir Baksar
9801597299,Syambabu Gulli Raxaul Bihar Tech
8235858457,Aniket Cohing
9984287905,Ramu Operator Odissi ????? ????? ????? ????
9565097838,Ramaand Vishwakarma
9771442010,Customer Pushpa Devi Rana Bigha New
7068987905,Home Atial
7479663253,???? ????? Devi
9005219825,Delhi
9199485534,Prayag Yadav
9771485332,Ji
7209516772,Bagewa
9929608937,Hav Thapa Sir Pi Pokhra
9155465757,Vijaye Mamu
7209140977,Ravikant Kant
7607622330,Deepchand Airtel
8002724448,Aaaa
8969846547,Delip Gahrpur
7070534936,Nepal
9771442010,Customer Pushpa Devi Rana Bigha New
8298220332,S Lalita Sugauli
8757538944,Umanand Das Sonapur
9897952767,Shri Dhar Ji
8757490835,Rajbanshi. Supaul
7209531051,???? ???? ??????? ???
8809232321,Kalichak N
9451803073,Butwal India
9631533532,?????? ??????
7301781531,Opendra Das
8809185298,Umesh Sir Baksar
9155465757,Vijaye Mamu
8092904399,E
7462066894,Raja
9793608648,Akash Babu Home
9771867613,Netajidonyari
8434245707,Vavi Ji Chotke
9918476170,Ram Ji Nasirpur
7634005743,Dhurv Raj
9065448249,Raju M K
9060314690,Pramod Kumar
8809185298,Umesh Sir Baksar
6394666158,Sanjay Goswami
8176097740,J
9934356873,Harsh Narayan
7837876736,Arun Bansal
9412480212,Tanuja Singh
7860765854,Vg Ccc
7870731703,?????? ?? Gopalpur Nawada
8292442590,Raju Mishra
9709984306,Berauti
8585809215,Dhaneshwar Cha Karahra
6391583203,Vijan Ki Mame
9956928328,Ahci Fatahpur
9305393939,Usman Son
9835454568,Khushi Gupta
9399932602,Ss Nayak
7070098122,Nitin Tyagi Jcb
7985939088,Deepak Sharma Maruti Saraswati
7415007187,???? ??? ???? ???? Dubey
7991831145,Dipanjali
6260268494,Aftab Alam
7753039690,Akhilesh Mishra
9935502024,Neejam Samcer
9982281787,Gulshan Kumar
8545945421,Faijan
7398626925,Gausul Wara
9956002604,Rakhi
8423155185,Irfan Bnarsi Labour
8175983637,Driver Vipin
9936834785,Lalan Katra
9793387964,Chaurasiya Tikariya ??????
9119655516,Dinanath Patel Ji Dumahi
7320032900,Rani Singh
7518662529,Aapa
9696049463,Ji Nizamuddin Allahabad
9152543694,Mohd Shayed
9235109909,Meenu
8756482117,Kanha Ji
8953512090,Nilu
7458903978,Sunita Fuaa
7800606184,Ramchnder Dughra
9555379186,Danish Ali
9129828224,Aman Aman
7033696570,Pande Ji Karhasi
9953272847,Medzee Medical Systems
7607789844,Panna Lal
9628443980,Sanehi Sidarkhi
9151243810,Sk G
9572824910,Chosa Gola
9235849412,Nassu
9565257803,Singh Rakesh Ranjan Etahara
8127610906,Rahil Bamrauli
9621281638,Bablu Plumber
9935661700,Advocate Aysha
9935380723,Abdul Hakim Faruqi
7398678149,Umar Nehal
9956958749,Mauj Manu
9565950636,Syed Arshil
9936599736,Vikas Kapoor
9810861885,Bhatt Satish
9651014704,Maurya Ji Tali
9936810633,Moti
8858681987,Maulana Eriksua
9695381833,Mamani Citholi
9936045796,Arvind Kumar Mishra Advocate
9889306930,Ali Ahmad Khan
8381961288,Naseema
9170726501,Shadma Beg
8112357664,Rehan Rehan
7050498292,Shashikant Kumar
9801184514,Mahtab Khan
9453772357,Adv Dheeraj Pandey
9118460390,Jubi
9711532145,S Chaudhary
8423640609,Bachai Maurya Ghanaram Ka Poora
9559528380,Farean Nane
8009673755,Gooogle G
9628367612,Ridha Fatma
9956928417,Samman
9628367612,Ridha Fatma
9532876471,Tara John
8081455152,Ayaan
9044770877,Punnu Mistry
8726403872,Ranvijay Rajbhar
8176925535,Bebo Fazil
9643125897,Hafej Ge
8127938768,Erecsaw Two
7080335949,Ram Darash Dhan Vale Ggg
7379126815,Raj Kumar
7518710524,Roshan Nishad R
9621989587,Shankar.
8174953068,Abhishek
8858936298,Samad Ke
9621433172,Mdtufail Mohd.
9005869277,Nanku ?????????
8009721190,Ramnayan
8933855988,Saif General Store Nadeem
8052510036,Siddiq Satar Repairing
9554896332,Saif Huda Advocate Hc Ald.
9170279807,Shubham
9670795248,Raghvendra Rahul Tiwari Advocate
7505940171,Kareli Wali
9511153244,Ji
8052552453,Prakash Tiles
9826772965,Shyam Sunder Sharma Pundit ?????
9621832285,E Riksha Hareesh
8738876704,Sabi Ansari
8565892817,Mohd Saif
9162477992,Samdhini Ji
7318220297,Abrar Rikshaw
9839258401,Jal Intar Lucknow Rabard S. Yadav
9950346142,Paari Bhuaa Ji
7080243508,??? ????????
9935959747,Tauseef
9935165286,Gabbar Gabbar
7985452653,Umesh Kumar
9170546587,Taufik Ald Ghar
9506738827,Kesr Rosn
7309237532,Gost Atala.
9695092825,Absar Khan
6392920621,Rishikesh Gupta
9452235539,Ser Ali N. N
8756497602,Ch
7065117192,Sumit Yadav
7080346085,Akash Pete
7880717579,Shabana
9936856510,Fasi Ahmad Singh
9695400794,Umra Khalid
8127559774,Maaz Afeera
8976221907,Gulab
7054564825,Tailor Nizam W Loader
9532876471,Tara John
7607912533,Akanksha Bhardwaj
9005022087,Kajal Singh Singh
9792457378,Nagina Sharma
8604792969,Bagal Dadi
8707444293,Aryabhusan Shukla Yogesh Shukulpur
8756879485,Muhammad Sahil Raza Hanafi Qadri Razavi A'sjadi
7380406423,Sonam
9161047048,Mohd Gufraan
9935663196,Isuu
9305268002,Raju Mistri
8953378324,Sandeep Mistri Karela Bag
9118806785,Ruby Hazrat Ganj Shahid
7068798562,Parveen Appi
9936243060,Mr Haroon
8172962919,Zara Khan
8400948059,Imran Kazmi
9559359940,Razique Khan
9651943786,Ahsan Hakim
8090813391,Pankaj Shakya
8573083287,Yaseen Nau
9793505260,Yashmin
7068983734,Roshan Diwakar
7080346085,Akash Pete
9935925363,Tata Magic
9559746419,Alok Mishra Mishra
7860814472,Prdan Aman
8858298038,Harish Kumar
8127846749,Guddu
6394885360,Dewa
7754866331,Roshan Bade
9517500179,Nagar Nigam Safkat Z Khashara
7234919447,Renu
7992061124,Mohd Khalid
9956312156,Piyush Piyush
8090340469,Ankul Yadav
7261835945,Crimanal Gaming
9839867701,Wali Mundiyar
8431316088,Shivu Lakie Masar K
9956312156,Piyush Piyush
9628504300,Firoj. Mahuli
8009174435,Mumtaj Driver
9005695462,Haroon Mamu Fatuha
9651264970,Damini Lodhi
8953471252,
8976221907,Gulab
8858409098,Nausad Ankal Driver
8887127442,Bhama Girls Pvr Front
9956842265,Shamim Ahmad
8382958271,Whatsappnumber
7398636133,Mohak Hsptal Muirabad
7379185160,Anamta Band Karili Fatima D
9559344187,Kushli Khera
9956928417,Samman
9116284952,Pujari Bargadahi Gha
7521866262,????? ??????
9125238459,Hasib
7497979693,Reeta Raipur
7897263828,Falaq Aunjum
9935764826,Ee Tazeem
7054647897,Hafiz Ji Dandi
7607006485,Syed Rizvi
6387431370,Sandeep
9369106551,Adi Kumar
9628779656,Jai Chaddha Hdfc
9807626401,Ankit Verma
9696057058,Vinay Verma
7388753525,Pinnacle Academy
9044768104,Fuffi
66611377743,
9651341496,Chulbul Sath Ji Harpur
9936321054,Rajan Yadav Piparpati
9519356919,Prashuram Sharma. Vishkarma Urb
7755850410,Pradeep Fulva Cement Chadar
8576976627,Life Is Difrent. Done
9258716608,Anti Pados
9935217704,?????? ?????
9935333016,Vinod Makaan
9651781638,Chana Dal
9621031405,Harivansh Prince Baijnath Tripathi Priyaagraaj Mahakumbh
7880736233,Bechan Gaud Bisra
7081605504,Ram Jank Chauhan Chauhan
8290974157,Monika Rathore
9554677102,Kanhiya Gond Amawa
8500724972,Rajesh Kumar
7897298747,Chaya Patra
9621169224,??????? ????
9936770511,Chakdeya
7408708199,Pushpa Sunita Singh
9076690863,Janaki Vellore
7004876732,Vishwakarma
7460065335,Ragini Rajbhar Belwa
7054037750,Anuradha Yadav
8953969500,?????
7490905851,Jay. Hirva India
9651900256,Lalchand Yadav ?????? ????
7400388932,Hasmat Ali
9004834111,Sikandar M
8173810960,Ankit Yadav
9651961320,Ramdas Gobhi
8173967773,Aman Sharma
8953113312,Madhu
6389047943,Subedar Mausa Belva
6307795668,Sandhya Kathoriya Paswan
9935203865,Peer Sahab Musa Kareli
7390989738,Aafiya Ki
9936086832,Sanjana A R T
7607278066,Neha Wayropor
9125341019,?????? ????
9631461662,Badababu Upadhea
7080988432,Junaid Kaseya Kashiya
8957472515,Sarvesh Yadav
9120869801,Misari Lal
7070400511,Anil Kumar
9892852251,Vijay Dev Rohsa
8528163972,Partik ?????
9935419110,All. Abbas Jafari Chok
9936201284,Rajesh Yadav
9118156853,Life Star
8052726161,Arnau Kartik
8127776581,Ram Avadh Ji Mathiya
9559062514,Shakeel
8726456014,Piyush Yadav
9005518520,Rambha
8853010960,Itkauli Rajkumar Singh
9005692616,Ram Prasad
9794015758,Sjdh Hdbdhd
8177092200,?????? Mh
9956054918,Friend
7039196910,Sharna Nau Prakash ???? ?????
8173844946,Saudagar
9829488675,Mukesh Dotasra
8521167885,Narsingh Sharma
8652794234,Rajesh Ramaligam
9559470649,?????
9169865635,Mr Srivastava
8353904982,Anil Kumar Mehrotra
7784922157,Sarita
9519575068,Nandu Jj
9532910504,Home
7860553741,????
9307887074,Sonu Nishad
9621395261,Surendra Sharma Suwarha
8603233365,Krishna Son
9076703778,Anwaruz Zahra Allahabad
9621095394,Devnath Y. T Tighara
9262861244,Ji
7379731913,Rinki Bara
7499441715,Allahabad Paper
9005016829,Golu Pathak
9935567549,Pardesi Yadav Chilwa
8957621242,All About Architecture Abhishek Singh
8809185298,Umesh Sir Baksar
9621318290,Phuaa
9198254371,Bkhsi
8429773572,Randhir Singh Chauhan
7080529077,Golu Gaur
9973131616,Ravi Home
9936836043,Manish Gupta Home
7460894570,Akash G Nishad
9771656497,Dadi
8173067017,Gorakh Yadav. Na
7068979011,Krishna Pura Mufti
8953762920,Anilyadav Bhasti
7275999084,Shakeb Anwar
9695389643,Ramdaur Visekrma
9005270220,Vishal
9161438570,Harikesh Premi
7897666795,Alok Kaushal
9413416334,Kanchan Rathore
9939279366,Hariom Anand
8400582869,Hi
9198466280,Sara
6392920621,Rishikesh Gupta
9651591384,???? ???
7897874937,Neha Bano
7003500259,Sanjoy Maharaj Rishikesh
9956217272,Dina
8009181310,Aaa
7388847495,Suneel Gupta Cos Sugriv B
9559872077,Para Ki Roaifa
9721790018,Vijay Bahdur Tarawa Master
9161809038,Dinesh Raj
9919103104,Lav Kush
8009536874,Sipur
8382065037,Himanshu Thakur Ald
9670255019,Sk Gire Govind
9793941333,Priyansh Gupta
9919974216,Atiya Abbas
9559547877,Najreen Khan
8601588385,Salendar Yadav Dih
9198254371,Bkhsi
9589301621,Rita Pisi
9721391458,Ritesh Patel
9151932301,John Gomes
9161596097,Gobraiy
7070482510,Jeet Tudu
7991436549,Anand Satis Raja Allahabad
9559393702,R Sharma Home
9628169045,Kamta Prasad
8604908294,Satya
8957171717,Ranvir Singh Si Raipur
9695075384,Aditya
7458081713,Renu
9651488691,Papu Mausa
9120530459,Roshni
9503915645,Ch Adama Mau Pannalal Yadav
8726379623,Karan Sahani
8108811142,Manoj Mishra Sbi
7499441715,Allahabad Paper
9721216010,Manoj Panday
8400758478,Ramanand
8824651605,G G
7889654061,Ansary Jiyauddin
9935498822,Neelam Verma
7827195844,Mithilesh Tiwari
9229165228,Renu Ji
9628443707,Ritesh Panday
9670961375,Amit
9519486702,Ccccccccc
8173936844,Sikandar Vehicle
7398463654,Ankita B. Ed V
9565718243,Jhotu Patel
9169127933,Sanjay Bansal
8400344137,Maasi
9198583228,Rajesh Poojan
9559690549,Ji
8400866161,Shallu
9793022465,Aai Mahsi
9559652829,Mata Ji
8953836683,Jafar Ahmad
9793205962,Manoj. Mallji Gorakhpur ?? ??
9076585875,Sunita
9897331519,Chander Kapoor
7607307357,Ragini
7394030825,Himanshu
9956425345,Hg ??????? ????
9838101846,Girish Gupta Bel
8429708599,Babu Yadav
8953898559,Surandr Sahani
7607209286,Ramnath Asnnapur
7518758534,Sunita
9829600478,Chandra Singh
9793059484,Chikhuri Saklpura
7084278894,S O
7887251832,Sandhya Tripathi
6391281026,Siwam
8409846335,Rani Kumari
9895722783,Arun Sankara Pillai
7393941885,Sarvan Mistri
7518126622,Sunil
6391025755,Esther
7388858278,Nagendra
8429494766,Kashif Class Jamia
8896805011,Sonu Bharwari
7388847495,Suneel Gupta Cos Sugriv B
9005886318,Jitendar Mis
7525870873,Srikant Gulhariya Bheet
8960365882,V G School
8953006626,Guddu Water Yadav
9935314759,?????? ???? ????? ??
9102721637,Manish Thakurgaon
9621381392,Tannu
7068324763,Satyabhama
7607307357,Ragini
9636860290,Sarita Rathor
9198349009,Rajbahadur Home
7523940232,Neha
9838019240,Nikhil Home
9794448835,Nana
9919504070,Rita Devi Pipra
7784854987,Neha Majgaon
8953103417,Jhudiya
9651529263,Kashish Mall
7860998966,Dipu Narayan Daskheda
7267046428,???????? ??????
9798613461,Aayush Gupta Tripti
9621304143,Sulekha Kripalpur
9839111272,Abul Hassan
7736940798,Nithin New
9166312434,Mayank Bhojwani
9555843611,Rohit Mishra
8127674421,Biren Ta
9984816120,Satya Prakash
7080242330,Saheen Khan
9044164529,Romy Watsup
7897293532,Gyansingh Patel Bhaila Makdoompur
8423882916,Aasha Vvvvvv
7977609965,Dipak Jain
8090090483,Durga
8604102588,Ranjeet Bank Kesari
7390977149,Yadav Gi Yadav Gi
9793877511,Rishi Singh
8423541112,Ajay Mourya
8400424042,Sheela
9598000041,Suraj Mishra Ji Ayodhya Prayagraj
9927073353,Acharya Purushoottam
7801890778,Abhishek Singh
9519946870,Sushil Kumar
9653301709,Sam Sahani
8356976434,Shanti Morya
8528130461,Ritik Vishwakarma
8081736268,????? ????
8271962953,Dipawali Ram Me
8960874842,Ananya Singh
9648386705,Ram Parvesh Thakurpurwa
8931093260,Saurabh Singh K L D
7607372262,Saloni Gkp
9956763488,Adv Shadab Alam Ala
9794644091,Aneel
7782815816,Golu
9793058652,Vipin Mall Home
9793352358,Pooja Baiparwa
8103295304,Ruchi Sharma Idfc
7897502937,Abhay Gupta
7459957347,Sanjay Chauhan
9305528414,Awani Kushwaha
9418201763,Pt Manohar. Lal Prayagraj Guest
8303328132,Kamlesh Mistri Deidiha
9956915196,Manohar Pal
9721079191,Vineet Tripathi
9651928816,Ajay Mammmy
8129278366,Anila P A
7739286695,Manisha Fd
6393695801,Mohan Yadav
7236075245,?????? ???? ?????
8090627369,Rishab
9696053609,Adv Narendra Singh
9794858895,Sukaina Stu
9838004541,????? ????
9935007740,Shraddha Singh Rani Mandi
7880471814,Gadhahi Moshi
9125618432,Massarat Abbas
8354098113,Anurudh Kumar
8090239836,???? ?????
7607831498,Ramadjar Ar
7321087636,Brijesh Yadav
8953980049,Prakash Kanpur
7607712738,Mani
9956512287,Swatant Tivari
7897703074,???? ????? ???? ??????????
7851845015,Hotel Prayag ?????? ???????????
8433802478,Radheshyam Mishra
9654201216,Kaushik Tiwari
7269022702,Shailesh Kumar
9503443866,??
8400626051,Alok
9651575322,Kamlesh Tripathi Dubai Wale
7388721931,Heera Nai
7897564699,Kannta Mistere
7322806111,Prem Chauhan
7651901272,Asatqasim Kashim Mashli Mandi
9447772562,Vimal Kumar M
7388045760,M D
8188981105,Deepak Kumar
9076730744,Rambhul Yafav
7398300538,Purnaha
7309424275,Shubham Kumar
9956561518,Sitesh Singh
9900100232,Pran B
8953607243,Saheb Alam Mundera Mandi
9307871638,Saif Allahabad
9794195021,Waseem ???
9065258506,Karuwa
6389262368,??? ???? ?????
9198181857,Maneesh Kumar Yadev
9598995157,Chanda
6282731830,Muhammad Shahid
9794574932,Renu Tiwari
9935412875,Subas Nana Narhuwa Mistri
7080661836,Dai Subhdra
9810633514,Rohit Vishen
7807723241,Sanjay Ke Ccc
9956430437,Ramayan Yadav Ekona
6900353090,Amrita Rai
7348210600,Mustakim
7276817677,Sushrut In
8890588079,Vanraj Meghwal
8853627426,Malti Gangupar
8936841689,Narendar Singh
7988597399,Vikas Gupta
9005401677,Lalbahadur
9936486105,Babalu Pandey
9235503122,Kavita Bhatnagar
9811550817,Jitender Vashisht Adv
7755859418,Khushihal Nirahua
9936632628,Raghav Dubey Amari
9919200091,Renu Singh
9621544705,Sivashu
9936681878,Aditya Nishad
8953763206,Palak Friend Pakharpura
9559874578,Rajaram Kanujiya Pres Dawarpar
8756639219,Yogendra Banjarha Tiwari Sahara
9005629476,Papu Hatif Mun
7607251720,Ram Bhaun ???
8173078965,Ka
9794142525,Rajindra Singh
7054001157,Mr Rameshwar Bharti
7738254608,Dilip Singh
7393849569,Vikash Yadav
7080370283,Factual Membrane
7317508289,Koke Villu
7317756159,Nannun Ald
8400836784,Bachche Ghar
7880357098,Shimla Ji Hardi
9956340521,???? ? Mata Ji
7054973439,Sakil Sitapur
8176011852,Anjali Singh Gar B
7080072648,Rakes. Monu Jatav
8652493585,Shyamji Gupta
9794621780,Sonu Mothar
7518152499,Vikas Yadav
9005553442,Raj Gour
9839615635,Bhulai Pur
7398196619,Rita Gauribazar
9695973087,Bechu Bind
8953802567,Muneeta
8177072181,Sri Ram Ki
9793847764,Shirjan Paniyra Mausa Gupta
9936356019,Pankaj Pal Alahabad Bhojarja
9198466280,Sara
9415235249,Puneet Agrawal Ca
9415235249,Puneet Agrawal Ca
9598565022,Ji Alauddinpur
9412220588,Kumkum Vashisth
9793935509,Dr Nayab Balyavi
9868707404,Vedant Bangar
6200706499,Lalbabu Prasad
8897574346,O Amal Kodimela
9005231620,Vijay Kumar Singh
9026145684,Godgaming Gaming
9235794620,Om Narain
9793135147,Pankaj
9875511955,Nirma Sharma
9925573341,Prayag Yadav
9129898882,Hotel Rama Continental Prayagraj Allahabad
8853764023,Himachal Papu
9005126987,Govind Chaurasia Ht T
9125741997,Basu Chauhan Sakhi
9931872095,Birendra Mausa Majha
8009136729,Amjad Ali
9918637686,?????? ????? ???
9151185801,Ramadhar Sakatpur
9794694062,Tiyar Dudh
9793731173,Ayush
9598662661,Sachin Verma
7897539207,Ka Be
9151191125,Manoj Tikar
9718219495,Shravan Dada
8009158199,Pnb A T Khan Sir
9974593322,Jeli Bardoli
8869977152,Vikas Singh Gkp
8957323039,Sajid Ansari
9886054255,Shalini Jalan
7060224011,Deepa Chamoli
9752983062,Prema Dadi
8112313220,Amrita Emerjensi
8687849770,Prince Jaiswal
9918715520,Aniket Kumar
8115701865,
7881111146,Citylights Group
9666262524,Lalit Raj
9984439378,Shubham Nishad
9413114507,Suresh Khandelwal
7366828025,Om Prakash Kumar
7009218748,Kulvir
7235821609,Nizamuddin Siddiqui
9415049799,Akhilesh Singh A K Rm R
9129356836,Pinku
9113315152,Shankar Kumar
9305340921,Anita Jaiswal
8543865042,Ahmedpur Pawan Anees Haq
8840524749,Abhinav Yugantar Oyo Prayagraj
9769444996,Pridesh Nair
8521179123,Ravi Singh
6392043552,Adesh Kumar
6268559162,Abbas Ali
9935690924,Hotel Yatrik Prayagraj
9125364906,Hemant Srivastava
9936845786,Ristricted C
9695367933,Jabar Singh
9535516161,Amit Agarwal
7080771403,Indian Nvay
8574225051,Ranjeet
9651320168,Dhiru Jaiswal
9129515062,Padain ????? ?? ?????
7786974031,Pk Kumar
9651202020,Saaol Centre Allahabad
8177093984,Akh Kajal
9838049523,Adhyan Yadav
7355273622,Deepak Gupta
9415049799,Akhilesh Singh A K Rm R
9151191125,Manoj Tikar
8722853286,Somu Reddy
7380901087,Kamlesh Yadav
9810894867,Parveen Gupta Washing Machine
8982872914,Vijay Soni
7905249866,Tanishk Rathaur
8861547937,Sheila Razdan Llc
9389438280,Prem Casting
9044054505,Aman Agrawal Agarwal Iskcon Prayagraj Guest House
8310097571,Abhay Kushwaha
9415242955,Prabhat Shukla
8003333355,Rishi Singh Le Tours
7054099077,New Kitgang
9091140319,Riman Pal
9935614489,Devika Kapoor
9793042414,Aapu Singh Alipur Jeeta
9906290480,Aneesh Kumar
8698903809,V J
7023048041,Nishu Sharma
8756831280,Malika K Janka Chedi
9935396635,Adv Shekhar Saran Aga
9867056166,Kameshwar Paswan
9452544551,
9936450184,Jahangir
9935203734,Lalit Kumar Ojha
9893059244,Yaswant Pawar Lic
9044864307,Samrat Utkarsh
7266864853,Shivani Rai
9044390012,Suraj Mishra Ayodhya
8468089101,Naam Shinchan
8755303453,Nisha Ravat
7992312621,Fotozone Studio By Sahil Singh Www Fotozonestudio In Nalarod
8318599543,Varun Kalwani
7524982517,Neha Neha Devi
6387622181,Gulnaz Bajirbj
9519140986,Sani Vishavkarma
7893116660,Pramod G
7054151782,Ashok Kumar
8175019429,Mistri ?????
